record_id,text,timestamp,topic,region,true_polarity,data_source
KE-0109,Maternal mortality in rural Kenya remains unacceptably high. Neglect must end.,2022-01-03 06:57:19,Healthcare,Machakos,negative,SYNTHETIC_DEMO
KE-0256,The electoral commission has failed Kenyans again. We demand accountability.,2022-01-03 08:54:36,Elections,Thika,negative,SYNTHETIC_DEMO
KE-0265,Voting underway in all 47 counties. Results expected by evening. #KenyaElections2022,2022-01-03 23:38:55,Elections,Kakamega,neutral,SYNTHETIC_DEMO
KE-0483,IEBC confirms voter turnout at 63% nationally as of midday.,2022-01-04 13:12:16,Elections,Mombasa,neutral,SYNTHETIC_DEMO
KE-0419,IEBC cannot be trusted to deliver credible results. The system is rigged! #RiggedElections,2022-01-04 14:22:34,Elections,Eldoret,negative,SYNTHETIC_DEMO
KE-0492,Kenya Revenue Authority reports KSh 1.2 trillion in tax collection for FY2021/22.,2022-01-04 16:04:55,Economy,Nyeri,neutral,SYNTHETIC_DEMO
KE-0069,Tallying of results continues at constituency level. Updates pending.,2022-01-04 18:07:41,Elections,Machakos,neutral,SYNTHETIC_DEMO
KE-0233,NHIF coverage expansion reaches more households in rural Kenya. A step forward.,2022-01-06 18:30:29,Healthcare,Nairobi,positive,SYNTHETIC_DEMO
KE-0188,Ethics and Anti-Corruption Commission tables annual report to parliament.,2022-01-06 23:02:59,Governance,Garissa,neutral,SYNTHETIC_DEMO
KE-0234,Fuel prices at an all-time high. The government must act now. #FuelCrisis,2022-01-07 03:05:25,Economy,Kakamega,negative,SYNTHETIC_DEMO
KE-0475,IEBC has done a commendable job in voter registration. Democracy is winning! #Elections2022,2022-01-07 07:10:49,Elections,Nakuru,positive,SYNTHETIC_DEMO
KE-0320,Violence at polling stations is shameful. Our democracy is under threat.,2022-01-07 09:11:18,Elections,Kakamega,negative,SYNTHETIC_DEMO
KE-0269,Results being delayed without explanation. What is IEBC hiding? #ElectionFraud,2022-01-08 06:41:01,Elections,Nairobi,negative,SYNTHETIC_DEMO
KE-0108,National Cancer Institute of Kenya opens second facility in Mombasa.,2022-01-08 14:03:03,Healthcare,Kakamega,neutral,SYNTHETIC_DEMO
KE-0324,Inflation eroding purchasing power. The economy is failing ordinary people.,2022-01-08 21:31:46,Economy,Garissa,negative,SYNTHETIC_DEMO
KE-0164,Voter turnout is impressive across the country. This is democracy at work.,2022-01-09 01:21:41,Elections,Kakamega,positive,SYNTHETIC_DEMO
KE-0035,Exports of tea and horticulture hit record highs. Agriculture sector thriving.,2022-01-09 04:03:12,Economy,Mombasa,positive,SYNTHETIC_DEMO
KE-0440,Exports of tea and horticulture hit record highs. Agriculture sector thriving.,2022-01-09 10:54:55,Economy,Nyeri,positive,SYNTHETIC_DEMO
KE-0204,IMF approves $2.3B extended credit facility for Kenya. Conditions attached.,2022-01-09 12:29:30,Economy,Eldoret,neutral,SYNTHETIC_DEMO
KE-0080,Interior Ministry issues security advisory ahead of elections. Citizens urged to remain calm.,2022-01-11 17:15:20,Security,Garissa,neutral,SYNTHETIC_DEMO
KE-0015,IEBC has done a commendable job in voter registration. Democracy is winning! #Elections2022,2022-01-13 11:11:45,Elections,Nairobi,positive,SYNTHETIC_DEMO
KE-0070,Violence at polling stations is shameful. Our democracy is under threat.,2022-01-14 23:48:23,Elections,Kisumu,negative,SYNTHETIC_DEMO
KE-0169,Kenya Power announces tariff review pending Energy Regulatory Commission approval.,2022-01-15 06:02:31,Economy,Machakos,neutral,SYNTHETIC_DEMO
KE-0283,NSE gains 3% this week on investor confidence. Markets looking healthy.,2022-01-15 14:31:29,Economy,Nyeri,positive,SYNTHETIC_DEMO
KE-0076,Results being delayed without explanation. What is IEBC hiding? #ElectionFraud,2022-01-16 00:56:22,Elections,Mombasa,negative,SYNTHETIC_DEMO
KE-0288,NHIF reforms failing to protect the poorest Kenyans. Reform the system now.,2022-01-16 04:49:51,Healthcare,Mombasa,negative,SYNTHETIC_DEMO
KE-0208,Al-Shabaab attacks in the North East continue. Government response inadequate.,2022-01-16 07:26:42,Security,Kisumu,negative,SYNTHETIC_DEMO
KE-0119,Open data portal launched by State House praised by civil society. Good governance.,2022-01-16 15:13:58,Governance,Mombasa,positive,SYNTHETIC_DEMO
KE-0285,Kenya Power announces tariff review pending Energy Regulatory Commission approval.,2022-01-16 22:21:33,Economy,Kakamega,neutral,SYNTHETIC_DEMO
KE-0494,Inflation eroding purchasing power. The economy is failing ordinary people.,2022-01-17 12:36:40,Economy,Mombasa,negative,SYNTHETIC_DEMO
KE-0318,The electoral process is transparent and credible. Kenyans deserve fair elections. #KenyaDecides2022,2022-01-19 13:03:25,Elections,Eldoret,positive,SYNTHETIC_DEMO
KE-0333,Presidential results will be announced within 7 days per constitutional requirement.,2022-01-19 13:33:57,Elections,Eldoret,neutral,SYNTHETIC_DEMO
KE-0453,Tallying of results continues at constituency level. Updates pending.,2022-01-19 21:41:46,Elections,Nyeri,neutral,SYNTHETIC_DEMO
KE-0098,Results being delayed without explanation. What is IEBC hiding? #ElectionFraud,2022-01-20 12:04:09,Elections,Garissa,negative,SYNTHETIC_DEMO
KE-0118,Voter turnout is impressive across the country. This is democracy at work.,2022-01-21 05:28:22,Elections,Nairobi,positive,SYNTHETIC_DEMO
KE-0312,Maternal mortality in rural Kenya remains unacceptably high. Neglect must end.,2022-01-21 16:23:24,Healthcare,Nairobi,negative,SYNTHETIC_DEMO
KE-0195,Police brutality during protests is deeply troubling. Officers must be held accountable.,2022-01-22 19:04:08,Security,Nairobi,negative,SYNTHETIC_DEMO
KE-0282,Kenya Power announces tariff review pending Energy Regulatory Commission approval.,2022-01-22 19:33:43,Economy,Eldoret,neutral,SYNTHETIC_DEMO
KE-0029,Public funds being looted while hospitals lack medicine. Accountability needed now.,2022-01-23 11:54:06,Governance,Eldoret,negative,SYNTHETIC_DEMO
KE-0415,Kenya's COVID-19 vaccination coverage exceeds 60%. Strong public health response.,2022-01-23 23:26:06,Healthcare,Eldoret,positive,SYNTHETIC_DEMO
KE-0248,Multi-agency security teams conducting patrols in volatile regions.,2022-01-24 07:03:47,Security,Kisumu,neutral,SYNTHETIC_DEMO
KE-0442,Voter turnout is impressive across the country. This is democracy at work.,2022-01-24 09:37:23,Elections,Mombasa,positive,SYNTHETIC_DEMO
KE-0319,Observers from the AU and EU deployed to monitor the electoral process.,2022-01-25 09:24:18,Elections,Kakamega,neutral,SYNTHETIC_DEMO
KE-0329,Cabinet approves National Development Plan 2022–2027. Implementation timelines unclear.,2022-01-25 12:08:22,Governance,Kisumu,neutral,SYNTHETIC_DEMO
KE-0352,Drug shortage at government hospitals is alarming. Patients buying meds privately.,2022-01-26 05:16:33,Healthcare,Thika,negative,SYNTHETIC_DEMO
KE-0240,IEBC has done a commendable job in voter registration. Democracy is winning! #Elections2022,2022-01-26 12:12:10,Elections,Kakamega,positive,SYNTHETIC_DEMO
KE-0291,Drug shortage at government hospitals is alarming. Patients buying meds privately.,2022-01-26 14:20:34,Healthcare,Nairobi,negative,SYNTHETIC_DEMO
KE-0281,Kenya Medical Supplies Authority to distribute free ARVs to 54 public hospitals.,2022-01-27 12:28:26,Healthcare,Kisumu,neutral,SYNTHETIC_DEMO
KE-0229,IEBC has done a commendable job in voter registration. Democracy is winning! #Elections2022,2022-01-27 15:29:34,Elections,Kakamega,positive,SYNTHETIC_DEMO
KE-0036,Kenya's GDP growth projected at 5.5% this year. Strong fundamentals. #KenyaEconomy,2022-01-28 13:42:12,Economy,Nakuru,positive,SYNTHETIC_DEMO
KE-0157,Results coming in smoothly. The system is working. Trust the process. #KenyaVotes,2022-01-28 15:26:36,Elections,Eldoret,positive,SYNTHETIC_DEMO
KE-0095,Voter turnout is impressive across the country. This is democracy at work.,2022-01-29 06:48:29,Elections,Nyeri,positive,SYNTHETIC_DEMO
KE-0441,Inflation eroding purchasing power. The economy is failing ordinary people.,2022-01-29 08:41:04,Economy,Nakuru,negative,SYNTHETIC_DEMO
KE-0213,KDF and NPS cooperation securing borders effectively. Kenya is safe.,2022-01-30 05:50:27,Security,Mombasa,positive,SYNTHETIC_DEMO
KE-0278,IEBC has done a commendable job in voter registration. Democracy is winning! #Elections2022,2022-01-30 06:20:36,Elections,Kakamega,positive,SYNTHETIC_DEMO
KE-0489,Kenya's debt burden will cripple future generations. Reckless borrowing must stop.,2022-01-31 16:30:45,Economy,Eldoret,negative,SYNTHETIC_DEMO
KE-0010,Peaceful voting is a sign of maturity. Proud to be Kenyan today. #Uchaguzi2022,2022-01-31 23:42:54,Elections,Nakuru,positive,SYNTHETIC_DEMO
KE-0445,Kenya's debt burden will cripple future generations. Reckless borrowing must stop.,2022-02-01 03:59:02,Economy,Machakos,negative,SYNTHETIC_DEMO
KE-0336,IMF approves $2.3B extended credit facility for Kenya. Conditions attached.,2022-02-02 01:59:42,Economy,Garissa,neutral,SYNTHETIC_DEMO
KE-0425,Drug shortage at government hospitals is alarming. Patients buying meds privately.,2022-02-03 16:27:16,Healthcare,Machakos,negative,SYNTHETIC_DEMO
KE-0351,Results coming in smoothly. The system is working. Trust the process. #KenyaVotes,2022-02-04 02:16:08,Elections,Kisumu,positive,SYNTHETIC_DEMO
KE-0193,IEBC confirms voter turnout at 63% nationally as of midday.,2022-02-05 02:23:47,Elections,Eldoret,neutral,SYNTHETIC_DEMO
KE-0020,Results being delayed without explanation. What is IEBC hiding? #ElectionFraud,2022-02-05 07:20:13,Elections,Garissa,negative,SYNTHETIC_DEMO
KE-0006,The electoral process is transparent and credible. Kenyans deserve fair elections. #KenyaDecides2022,2022-02-06 00:27:14,Elections,Thika,positive,SYNTHETIC_DEMO
KE-0046,IEBC cannot be trusted to deliver credible results. The system is rigged! #RiggedElections,2022-02-06 05:16:19,Elections,Garissa,negative,SYNTHETIC_DEMO
KE-0093,KDF and NPS cooperation securing borders effectively. Kenya is safe.,2022-02-06 06:25:54,Security,Kakamega,positive,SYNTHETIC_DEMO
KE-0296,Inflation eroding purchasing power. The economy is failing ordinary people.,2022-02-06 07:02:41,Economy,Kisumu,negative,SYNTHETIC_DEMO
KE-0491,IEBC cannot be trusted to deliver credible results. The system is rigged! #RiggedElections,2022-02-06 07:29:16,Elections,Mombasa,negative,SYNTHETIC_DEMO
KE-0040,IEBC confirms voter turnout at 63% nationally as of midday.,2022-02-06 15:10:48,Elections,Machakos,neutral,SYNTHETIC_DEMO
KE-0247,Results being delayed without explanation. What is IEBC hiding? #ElectionFraud,2022-02-07 12:02:44,Elections,Mombasa,negative,SYNTHETIC_DEMO
KE-0473,Observers from the AU and EU deployed to monitor the electoral process.,2022-02-08 07:05:43,Elections,Nyeri,neutral,SYNTHETIC_DEMO
KE-0223,Community policing initiatives reducing crime in Nairobi estates. Good progress.,2022-02-08 10:56:54,Security,Machakos,positive,SYNTHETIC_DEMO
KE-0225,Presidential results will be announced within 7 days per constitutional requirement.,2022-02-08 14:03:07,Elections,Nakuru,neutral,SYNTHETIC_DEMO
KE-0187,Transparency in public procurement improving under new regulations. Keep it up.,2022-02-08 23:27:57,Governance,Kakamega,positive,SYNTHETIC_DEMO
KE-0299,Peaceful voting is a sign of maturity. Proud to be Kenyan today. #Uchaguzi2022,2022-02-09 06:42:00,Elections,Mombasa,positive,SYNTHETIC_DEMO
KE-0277,Devolution has brought services closer to citizens. Counties are delivering.,2022-02-09 22:12:27,Governance,Kisumu,positive,SYNTHETIC_DEMO
KE-0287,NSE gains 3% this week on investor confidence. Markets looking healthy.,2022-02-10 04:42:26,Economy,Nairobi,positive,SYNTHETIC_DEMO
KE-0273,Maternal mortality in rural Kenya remains unacceptably high. Neglect must end.,2022-02-11 02:42:57,Healthcare,Mombasa,negative,SYNTHETIC_DEMO
KE-0487,Devolution has brought services closer to citizens. Counties are delivering.,2022-02-11 13:27:55,Governance,Machakos,positive,SYNTHETIC_DEMO
KE-0410,IEBC confirms voter turnout at 63% nationally as of midday.,2022-02-12 10:03:55,Elections,Eldoret,neutral,SYNTHETIC_DEMO
KE-0263,Observers from the AU and EU deployed to monitor the electoral process.,2022-02-13 01:34:03,Elections,Thika,neutral,SYNTHETIC_DEMO
KE-0028,Cabinet approves National Development Plan 2022–2027. Implementation timelines unclear.,2022-02-13 10:40:57,Governance,Nyeri,neutral,SYNTHETIC_DEMO
KE-0435,Inflation eroding purchasing power. The economy is failing ordinary people.,2022-02-13 13:51:42,Economy,Mombasa,negative,SYNTHETIC_DEMO
KE-0347,Central Bank holds base rate at 7.5%. MPC cites stable inflation outlook.,2022-02-14 01:25:03,Economy,Eldoret,neutral,SYNTHETIC_DEMO
KE-0235,Voter turnout is impressive across the country. This is democracy at work.,2022-02-14 03:17:17,Elections,Machakos,positive,SYNTHETIC_DEMO
KE-0271,Fuel prices at an all-time high. The government must act now. #FuelCrisis,2022-02-14 17:29:37,Economy,Machakos,negative,SYNTHETIC_DEMO
KE-0064,The electoral commission has failed Kenyans again. We demand accountability.,2022-02-14 19:52:23,Elections,Kisumu,negative,SYNTHETIC_DEMO
KE-0437,NSE gains 3% this week on investor confidence. Markets looking healthy.,2022-02-15 03:26:07,Economy,Garissa,positive,SYNTHETIC_DEMO
KE-0430,Presidential results will be announced within 7 days per constitutional requirement.,2022-02-15 14:23:38,Elections,Garissa,neutral,SYNTHETIC_DEMO
KE-0176,NSE gains 3% this week on investor confidence. Markets looking healthy.,2022-02-15 14:51:49,Economy,Mombasa,positive,SYNTHETIC_DEMO
KE-0406,Peaceful voting is a sign of maturity. Proud to be Kenyan today. #Uchaguzi2022,2022-02-17 07:56:56,Elections,Eldoret,positive,SYNTHETIC_DEMO
KE-0374,NSE gains 3% this week on investor confidence. Markets looking healthy.,2022-02-17 13:59:13,Economy,Nakuru,positive,SYNTHETIC_DEMO
KE-0350,Voter intimidation reported in several constituencies. This is unacceptable.,2022-02-17 15:03:49,Elections,Nyeri,negative,SYNTHETIC_DEMO
KE-0215,Tallying of results continues at constituency level. Updates pending.,2022-02-17 23:55:49,Elections,Eldoret,neutral,SYNTHETIC_DEMO
KE-0361,NHIF coverage expansion reaches more households in rural Kenya. A step forward.,2022-02-18 05:15:55,Healthcare,Garissa,positive,SYNTHETIC_DEMO
KE-0358,Cost of unga and basic commodities unbearable. Ordinary Kenyans are suffering.,2022-02-18 16:07:48,Economy,Kakamega,negative,SYNTHETIC_DEMO
KE-0343,Doctors still on strike after 3 weeks. Patients dying in hospital corridors.,2022-02-19 00:32:56,Healthcare,Nyeri,negative,SYNTHETIC_DEMO
KE-0088,Community policing initiatives reducing crime in Nairobi estates. Good progress.,2022-02-19 10:24:29,Security,Eldoret,positive,SYNTHETIC_DEMO
KE-0447,Violence at polling stations is shameful. Our democracy is under threat.,2022-02-19 10:57:39,Elections,Machakos,negative,SYNTHETIC_DEMO
KE-0071,Kenya Medical Supplies Authority to distribute free ARVs to 54 public hospitals.,2022-02-19 11:52:42,Healthcare,Kisumu,neutral,SYNTHETIC_DEMO
KE-0113,Crime wave in Mombasa Old Town worrying residents. Where is the state?,2022-02-19 13:34:38,Security,Kisumu,negative,SYNTHETIC_DEMO
KE-0031,NHIF reforms failing to protect the poorest Kenyans. Reform the system now.,2022-02-19 20:41:42,Healthcare,Garissa,negative,SYNTHETIC_DEMO
KE-0267,IEBC has done a commendable job in voter registration. Democracy is winning! #Elections2022,2022-02-20 04:05:52,Elections,Machakos,positive,SYNTHETIC_DEMO
KE-0209,Presidential results will be announced within 7 days per constitutional requirement.,2022-02-21 00:50:48,Elections,Kakamega,neutral,SYNTHETIC_DEMO
KE-0099,Kenya's debt burden will cripple future generations. Reckless borrowing must stop.,2022-02-21 18:48:37,Economy,Mombasa,negative,SYNTHETIC_DEMO
KE-0179,Kenya Power announces tariff review pending Energy Regulatory Commission approval.,2022-02-23 00:20:59,Economy,Kakamega,neutral,SYNTHETIC_DEMO
KE-0388,Kenya Revenue Authority reports KSh 1.2 trillion in tax collection for FY2021/22.,2022-02-23 05:16:17,Economy,Nairobi,neutral,SYNTHETIC_DEMO
KE-0346,County governors meet to discuss revenue sharing formula ahead of budget cycle.,2022-02-23 11:24:41,Governance,Mombasa,neutral,SYNTHETIC_DEMO
KE-0354,Ministry of Health launches malaria prevention campaign in lake region counties.,2022-02-23 22:25:34,Healthcare,Mombasa,neutral,SYNTHETIC_DEMO
KE-0257,The electoral process is transparent and credible. Kenyans deserve fair elections. #KenyaDecides2022,2022-02-25 02:22:03,Elections,Machakos,positive,SYNTHETIC_DEMO
KE-0159,Peaceful voting is a sign of maturity. Proud to be Kenyan today. #Uchaguzi2022,2022-02-25 05:44:17,Elections,Kisumu,positive,SYNTHETIC_DEMO
KE-0342,Cost of unga and basic commodities unbearable. Ordinary Kenyans are suffering.,2022-02-25 10:48:03,Economy,Kisumu,negative,SYNTHETIC_DEMO
KE-0314,Peaceful voting is a sign of maturity. Proud to be Kenyan today. #Uchaguzi2022,2022-02-26 17:16:41,Elections,Mombasa,positive,SYNTHETIC_DEMO
KE-0407,IMF approves $2.3B extended credit facility for Kenya. Conditions attached.,2022-02-26 21:15:23,Economy,Machakos,neutral,SYNTHETIC_DEMO
KE-0389,Crime wave in Mombasa Old Town worrying residents. Where is the state?,2022-02-27 20:13:39,Security,Garissa,negative,SYNTHETIC_DEMO
KE-0105,Voter intimidation reported in several constituencies. This is unacceptable.,2022-02-28 13:50:37,Elections,Mombasa,negative,SYNTHETIC_DEMO
KE-0301,Ethics and Anti-Corruption Commission tables annual report to parliament.,2022-03-01 21:44:23,Governance,Kakamega,neutral,SYNTHETIC_DEMO
KE-0050,Crime wave in Mombasa Old Town worrying residents. Where is the state?,2022-03-02 02:48:39,Security,Garissa,negative,SYNTHETIC_DEMO
KE-0260,Ministry of Health launches malaria prevention campaign in lake region counties.,2022-03-02 10:06:35,Healthcare,Mombasa,neutral,SYNTHETIC_DEMO
KE-0377,NHIF reforms failing to protect the poorest Kenyans. Reform the system now.,2022-03-03 21:10:44,Healthcare,Thika,negative,SYNTHETIC_DEMO
KE-0376,Public funds being looted while hospitals lack medicine. Accountability needed now.,2022-03-04 00:30:31,Governance,Machakos,negative,SYNTHETIC_DEMO
KE-0422,Exports of tea and horticulture hit record highs. Agriculture sector thriving.,2022-03-05 02:33:22,Economy,Mombasa,positive,SYNTHETIC_DEMO
KE-0194,NSE gains 3% this week on investor confidence. Markets looking healthy.,2022-03-06 14:37:55,Economy,Mombasa,positive,SYNTHETIC_DEMO
KE-0275,Parliament rubber-stamping executive decisions. Where is our oversight? #Bunge,2022-03-07 07:06:37,Governance,Nakuru,negative,SYNTHETIC_DEMO
KE-0479,Ethics and Anti-Corruption Commission tables annual report to parliament.,2022-03-07 08:03:04,Governance,Nyeri,neutral,SYNTHETIC_DEMO
KE-0092,Kenya's debt burden will cripple future generations. Reckless borrowing must stop.,2022-03-07 21:38:18,Economy,Garissa,negative,SYNTHETIC_DEMO
KE-0353,New manufacturing jobs created in Nairobi corridor. Positive momentum for workers.,2022-03-09 14:38:44,Economy,Eldoret,positive,SYNTHETIC_DEMO
KE-0197,Unemployment among youth remains at crisis levels. Nothing is being done.,2022-03-09 23:45:52,Economy,Kisumu,negative,SYNTHETIC_DEMO
KE-0165,Corruption in government tenders is endemic. Nothing changes regardless of who wins.,2022-03-10 00:53:45,Governance,Eldoret,negative,SYNTHETIC_DEMO
KE-0074,Banditry in Laikipia threatening lives and livelihoods. Enough is enough.,2022-03-10 18:14:51,Security,Nakuru,negative,SYNTHETIC_DEMO
KE-0025,Kenya Power announces tariff review pending Energy Regulatory Commission approval.,2022-03-11 09:09:22,Economy,Eldoret,neutral,SYNTHETIC_DEMO
KE-0255,Corruption in government tenders is endemic. Nothing changes regardless of who wins.,2022-03-12 01:35:58,Governance,Eldoret,negative,SYNTHETIC_DEMO
KE-0360,Violence at polling stations is shameful. Our democracy is under threat.,2022-03-12 16:01:09,Elections,Garissa,negative,SYNTHETIC_DEMO
KE-0142,Voter turnout is impressive across the country. This is democracy at work.,2022-03-13 21:43:17,Elections,Mombasa,positive,SYNTHETIC_DEMO
KE-0335,Parliament rubber-stamping executive decisions. Where is our oversight? #Bunge,2022-03-14 13:15:45,Governance,Machakos,negative,SYNTHETIC_DEMO
KE-0322,Observers from the AU and EU deployed to monitor the electoral process.,2022-03-14 17:53:31,Elections,Kakamega,neutral,SYNTHETIC_DEMO
KE-0467,Kenya Revenue Authority reports KSh 1.2 trillion in tax collection for FY2021/22.,2022-03-15 01:48:32,Economy,Nairobi,neutral,SYNTHETIC_DEMO
KE-0083,Multi-agency security teams conducting patrols in volatile regions.,2022-03-15 19:39:45,Security,Machakos,neutral,SYNTHETIC_DEMO
KE-0207,NHIF coverage expansion reaches more households in rural Kenya. A step forward.,2022-03-15 20:09:30,Healthcare,Thika,positive,SYNTHETIC_DEMO
KE-0043,Banditry in Laikipia threatening lives and livelihoods. Enough is enough.,2022-03-16 09:44:56,Security,Mombasa,negative,SYNTHETIC_DEMO
KE-0298,Results being delayed without explanation. What is IEBC hiding? #ElectionFraud,2022-03-16 13:37:06,Elections,Thika,negative,SYNTHETIC_DEMO
KE-0078,Doctors still on strike after 3 weeks. Patients dying in hospital corridors.,2022-03-17 00:06:00,Healthcare,Nakuru,negative,SYNTHETIC_DEMO
KE-0276,Tallying of results continues at constituency level. Updates pending.,2022-03-17 07:18:48,Elections,Garissa,neutral,SYNTHETIC_DEMO
KE-0094,NHIF reforms failing to protect the poorest Kenyans. Reform the system now.,2022-03-19 08:01:31,Healthcare,Eldoret,negative,SYNTHETIC_DEMO
KE-0414,Transparency in public procurement improving under new regulations. Keep it up.,2022-03-19 11:03:51,Governance,Nyeri,positive,SYNTHETIC_DEMO
KE-0307,Ministry of Health launches malaria prevention campaign in lake region counties.,2022-03-19 13:19:03,Healthcare,Machakos,neutral,SYNTHETIC_DEMO
KE-0210,IEBC has done a commendable job in voter registration. Democracy is winning! #Elections2022,2022-03-19 23:32:35,Elections,Machakos,positive,SYNTHETIC_DEMO
KE-0033,County governors meet to discuss revenue sharing formula ahead of budget cycle.,2022-03-20 02:51:49,Governance,Nakuru,neutral,SYNTHETIC_DEMO
KE-0330,Police brutality during protests is deeply troubling. Officers must be held accountable.,2022-03-20 06:57:51,Security,Nairobi,negative,SYNTHETIC_DEMO
KE-0452,Banditry in Laikipia threatening lives and livelihoods. Enough is enough.,2022-03-22 00:49:11,Security,Nairobi,negative,SYNTHETIC_DEMO
KE-0107,Kenya Revenue Authority reports KSh 1.2 trillion in tax collection for FY2021/22.,2022-03-22 07:50:10,Economy,Machakos,neutral,SYNTHETIC_DEMO
KE-0497,Police deployment ahead of elections praised for professionalism. Calm maintained.,2022-03-22 10:51:12,Security,Thika,positive,SYNTHETIC_DEMO
KE-0012,Interior Ministry issues security advisory ahead of elections. Citizens urged to remain calm.,2022-03-23 08:44:49,Security,Thika,neutral,SYNTHETIC_DEMO
KE-0072,Presidential results will be announced within 7 days per constitutional requirement.,2022-03-23 14:03:18,Elections,Nairobi,neutral,SYNTHETIC_DEMO
KE-0154,New manufacturing jobs created in Nairobi corridor. Positive momentum for workers.,2022-03-23 22:53:50,Economy,Mombasa,positive,SYNTHETIC_DEMO
KE-0469,IEBC cannot be trusted to deliver credible results. The system is rigged! #RiggedElections,2022-03-24 06:11:29,Elections,Eldoret,negative,SYNTHETIC_DEMO
KE-0227,IEBC cannot be trusted to deliver credible results. The system is rigged! #RiggedElections,2022-03-24 08:58:10,Elections,Nyeri,negative,SYNTHETIC_DEMO
KE-0134,Results being delayed without explanation. What is IEBC hiding? #ElectionFraud,2022-03-24 09:06:01,Elections,Kisumu,negative,SYNTHETIC_DEMO
KE-0251,Multi-agency security teams conducting patrols in volatile regions.,2022-03-24 14:52:09,Security,Kakamega,neutral,SYNTHETIC_DEMO
KE-0121,Voter turnout is impressive across the country. This is democracy at work.,2022-03-26 15:34:36,Elections,Mombasa,positive,SYNTHETIC_DEMO
KE-0433,Inflation eroding purchasing power. The economy is failing ordinary people.,2022-03-26 19:44:37,Economy,Nyeri,negative,SYNTHETIC_DEMO
KE-0431,Banditry in Laikipia threatening lives and livelihoods. Enough is enough.,2022-03-27 02:25:35,Security,Thika,negative,SYNTHETIC_DEMO
KE-0004,Interior Ministry issues security advisory ahead of elections. Citizens urged to remain calm.,2022-03-27 14:39:19,Security,Garissa,neutral,SYNTHETIC_DEMO
KE-0311,Devolution has brought services closer to citizens. Counties are delivering.,2022-03-28 05:32:39,Governance,Machakos,positive,SYNTHETIC_DEMO
KE-0001,Police deployment ahead of elections praised for professionalism. Calm maintained.,2022-03-28 16:28:29,Security,Eldoret,positive,SYNTHETIC_DEMO
KE-0404,Peaceful voting is a sign of maturity. Proud to be Kenyan today. #Uchaguzi2022,2022-03-29 07:54:45,Elections,Garissa,positive,SYNTHETIC_DEMO
KE-0362,Exports of tea and horticulture hit record highs. Agriculture sector thriving.,2022-03-29 13:32:07,Economy,Kisumu,positive,SYNTHETIC_DEMO
KE-0490,Central Bank holds base rate at 7.5%. MPC cites stable inflation outlook.,2022-03-29 17:08:31,Economy,Kakamega,neutral,SYNTHETIC_DEMO
KE-0144,Fuel prices at an all-time high. The government must act now. #FuelCrisis,2022-03-30 08:17:48,Economy,Nakuru,negative,SYNTHETIC_DEMO
KE-0395,Violence at polling stations is shameful. Our democracy is under threat.,2022-03-30 08:51:23,Elections,Kakamega,negative,SYNTHETIC_DEMO
KE-0141,IMF approves $2.3B extended credit facility for Kenya. Conditions attached.,2022-03-31 12:46:13,Economy,Eldoret,neutral,SYNTHETIC_DEMO
KE-0230,Ministry of Health launches malaria prevention campaign in lake region counties.,2022-04-01 11:42:18,Healthcare,Kakamega,neutral,SYNTHETIC_DEMO
KE-0184,Nepotism in public service appointments is entrenched. Merit must prevail.,2022-04-01 16:57:35,Governance,Nakuru,negative,SYNTHETIC_DEMO
KE-0054,The electoral process is transparent and credible. Kenyans deserve fair elections. #KenyaDecides2022,2022-04-02 08:15:33,Elections,Kakamega,positive,SYNTHETIC_DEMO
KE-0203,Voting underway in all 47 counties. Results expected by evening. #KenyaElections2022,2022-04-03 02:55:02,Elections,Nyeri,neutral,SYNTHETIC_DEMO
KE-0057,Fuel prices at an all-time high. The government must act now. #FuelCrisis,2022-04-03 16:42:51,Economy,Nakuru,negative,SYNTHETIC_DEMO
KE-0103,Maternal mortality in rural Kenya remains unacceptably high. Neglect must end.,2022-04-03 21:55:59,Healthcare,Eldoret,negative,SYNTHETIC_DEMO
KE-0379,Results being delayed without explanation. What is IEBC hiding? #ElectionFraud,2022-04-04 11:45:12,Elections,Garissa,negative,SYNTHETIC_DEMO
KE-0326,Interior Ministry issues security advisory ahead of elections. Citizens urged to remain calm.,2022-04-04 15:27:23,Security,Mombasa,neutral,SYNTHETIC_DEMO
KE-0136,Kenya Revenue Authority reports KSh 1.2 trillion in tax collection for FY2021/22.,2022-04-04 17:36:05,Economy,Nakuru,neutral,SYNTHETIC_DEMO
KE-0470,Nepotism in public service appointments is entrenched. Merit must prevail.,2022-04-05 05:07:56,Governance,Mombasa,negative,SYNTHETIC_DEMO
KE-0125,Inflation eroding purchasing power. The economy is failing ordinary people.,2022-04-05 07:31:13,Economy,Mombasa,negative,SYNTHETIC_DEMO
KE-0477,Voter turnout is impressive across the country. This is democracy at work.,2022-04-06 10:22:11,Elections,Machakos,positive,SYNTHETIC_DEMO
KE-0075,Transparency in public procurement improving under new regulations. Keep it up.,2022-04-07 09:05:10,Governance,Thika,positive,SYNTHETIC_DEMO
KE-0363,IEBC cannot be trusted to deliver credible results. The system is rigged! #RiggedElections,2022-04-08 07:48:38,Elections,Eldoret,negative,SYNTHETIC_DEMO
KE-0232,Kenya's COVID-19 vaccination coverage exceeds 60%. Strong public health response.,2022-04-08 08:15:59,Healthcare,Kisumu,positive,SYNTHETIC_DEMO
KE-0292,Presidential results will be announced within 7 days per constitutional requirement.,2022-04-08 20:46:15,Elections,Machakos,neutral,SYNTHETIC_DEMO
KE-0332,Kenya's debt burden will cripple future generations. Reckless borrowing must stop.,2022-04-09 09:03:19,Economy,Garissa,negative,SYNTHETIC_DEMO
KE-0325,IMF approves $2.3B extended credit facility for Kenya. Conditions attached.,2022-04-09 12:11:30,Economy,Machakos,neutral,SYNTHETIC_DEMO
KE-0199,Open data portal launched by State House praised by civil society. Good governance.,2022-04-09 15:14:25,Governance,Nyeri,positive,SYNTHETIC_DEMO
KE-0316,Kenya's GDP growth projected at 5.5% this year. Strong fundamentals. #KenyaEconomy,2022-04-10 09:23:02,Economy,Mombasa,positive,SYNTHETIC_DEMO
KE-0102,NSE gains 3% this week on investor confidence. Markets looking healthy.,2022-04-11 15:50:25,Economy,Nyeri,positive,SYNTHETIC_DEMO
KE-0428,Doctors still on strike after 3 weeks. Patients dying in hospital corridors.,2022-04-12 13:51:07,Healthcare,Eldoret,negative,SYNTHETIC_DEMO
KE-0068,NHIF coverage expansion reaches more households in rural Kenya. A step forward.,2022-04-12 17:36:00,Healthcare,Thika,positive,SYNTHETIC_DEMO
KE-0018,Voter turnout is impressive across the country. This is democracy at work.,2022-04-13 00:55:45,Elections,Garissa,positive,SYNTHETIC_DEMO
KE-0007,Kenya Power announces tariff review pending Energy Regulatory Commission approval.,2022-04-13 17:30:47,Economy,Thika,neutral,SYNTHETIC_DEMO
KE-0081,Violence at polling stations is shameful. Our democracy is under threat.,2022-04-14 02:19:33,Elections,Kisumu,negative,SYNTHETIC_DEMO
KE-0466,IEBC cannot be trusted to deliver credible results. The system is rigged! #RiggedElections,2022-04-15 06:14:36,Elections,Nakuru,negative,SYNTHETIC_DEMO
KE-0495,Results being delayed without explanation. What is IEBC hiding? #ElectionFraud,2022-04-16 06:47:20,Elections,Kakamega,negative,SYNTHETIC_DEMO
KE-0104,IEBC has done a commendable job in voter registration. Democracy is winning! #Elections2022,2022-04-16 12:34:06,Elections,Eldoret,positive,SYNTHETIC_DEMO
KE-0262,Interior Ministry issues security advisory ahead of elections. Citizens urged to remain calm.,2022-04-17 02:05:58,Security,Nyeri,neutral,SYNTHETIC_DEMO
KE-0177,Community policing initiatives reducing crime in Nairobi estates. Good progress.,2022-04-17 04:30:17,Security,Eldoret,positive,SYNTHETIC_DEMO
KE-0145,New manufacturing jobs created in Nairobi corridor. Positive momentum for workers.,2022-04-17 12:46:00,Economy,Garissa,positive,SYNTHETIC_DEMO
KE-0450,NHIF coverage expansion reaches more households in rural Kenya. A step forward.,2022-04-18 01:14:30,Healthcare,Thika,positive,SYNTHETIC_DEMO
KE-0135,Youth enterprise fund disbursements have helped thousands of small businesses.,2022-04-18 07:00:35,Economy,Eldoret,positive,SYNTHETIC_DEMO
KE-0231,The electoral process is transparent and credible. Kenyans deserve fair elections. #KenyaDecides2022,2022-04-18 16:23:19,Elections,Kakamega,positive,SYNTHETIC_DEMO
KE-0044,IEBC confirms voter turnout at 63% nationally as of midday.,2022-04-19 04:13:44,Elections,Machakos,neutral,SYNTHETIC_DEMO
KE-0065,Parliament rubber-stamping executive decisions. Where is our oversight? #Bunge,2022-04-20 10:09:31,Governance,Kisumu,negative,SYNTHETIC_DEMO
KE-0306,Interior Ministry issues security advisory ahead of elections. Citizens urged to remain calm.,2022-04-20 10:18:10,Security,Nyeri,neutral,SYNTHETIC_DEMO
KE-0206,Maternal mortality in rural Kenya remains unacceptably high. Neglect must end.,2022-04-22 03:31:22,Healthcare,Nairobi,negative,SYNTHETIC_DEMO
KE-0090,IMF approves $2.3B extended credit facility for Kenya. Conditions attached.,2022-04-22 10:13:46,Economy,Nairobi,neutral,SYNTHETIC_DEMO
KE-0443,Devolution has brought services closer to citizens. Counties are delivering.,2022-04-22 11:52:45,Governance,Nyeri,positive,SYNTHETIC_DEMO
KE-0250,Cost of unga and basic commodities unbearable. Ordinary Kenyans are suffering.,2022-04-22 16:54:01,Economy,Machakos,negative,SYNTHETIC_DEMO
KE-0173,NHIF coverage expansion reaches more households in rural Kenya. A step forward.,2022-04-22 20:37:34,Healthcare,Garissa,positive,SYNTHETIC_DEMO
KE-0266,The electoral commission has failed Kenyans again. We demand accountability.,2022-04-23 09:50:34,Elections,Kisumu,negative,SYNTHETIC_DEMO
KE-0375,The electoral process is transparent and credible. Kenyans deserve fair elections. #KenyaDecides2022,2022-04-23 16:58:18,Elections,Mombasa,positive,SYNTHETIC_DEMO
KE-0024,Doctors still on strike after 3 weeks. Patients dying in hospital corridors.,2022-04-24 23:37:10,Healthcare,Thika,negative,SYNTHETIC_DEMO
KE-0138,GSU units deployed to election hotspots in advance of voting day.,2022-04-25 06:28:27,Security,Nairobi,neutral,SYNTHETIC_DEMO
KE-0212,Nepotism in public service appointments is entrenched. Merit must prevail.,2022-04-25 14:55:03,Governance,Eldoret,negative,SYNTHETIC_DEMO
KE-0476,Results being delayed without explanation. What is IEBC hiding? #ElectionFraud,2022-04-25 15:23:29,Elections,Kakamega,negative,SYNTHETIC_DEMO
KE-0448,Police deployment ahead of elections praised for professionalism. Calm maintained.,2022-04-26 20:56:40,Security,Nairobi,positive,SYNTHETIC_DEMO
KE-0201,Tallying of results continues at constituency level. Updates pending.,2022-04-27 04:19:10,Elections,Thika,neutral,SYNTHETIC_DEMO
KE-0498,Cost of unga and basic commodities unbearable. Ordinary Kenyans are suffering.,2022-04-27 05:27:46,Economy,Machakos,negative,SYNTHETIC_DEMO
KE-0392,Kenya Power announces tariff review pending Energy Regulatory Commission approval.,2022-04-27 10:15:02,Economy,Nyeri,neutral,SYNTHETIC_DEMO
KE-0462,IEBC confirms voter turnout at 63% nationally as of midday.,2022-04-27 19:03:59,Elections,Nakuru,neutral,SYNTHETIC_DEMO
KE-0457,Unemployment among youth remains at crisis levels. Nothing is being done.,2022-04-28 04:38:54,Economy,Thika,negative,SYNTHETIC_DEMO
KE-0369,Interior Ministry issues security advisory ahead of elections. Citizens urged to remain calm.,2022-04-28 07:43:16,Security,Garissa,neutral,SYNTHETIC_DEMO
KE-0202,Interior Ministry issues security advisory ahead of elections. Citizens urged to remain calm.,2022-04-28 07:58:41,Security,Eldoret,neutral,SYNTHETIC_DEMO
KE-0364,Voter intimidation reported in several constituencies. This is unacceptable.,2022-04-28 14:31:47,Elections,Eldoret,negative,SYNTHETIC_DEMO
KE-0150,Community policing initiatives reducing crime in Nairobi estates. Good progress.,2022-04-28 23:57:08,Security,Kisumu,positive,SYNTHETIC_DEMO
KE-0161,County governors meet to discuss revenue sharing formula ahead of budget cycle.,2022-04-29 02:20:07,Governance,Nyeri,neutral,SYNTHETIC_DEMO
KE-0077,New Level 5 hospital commissioned in Kisumu. Healthcare access improving.,2022-04-29 12:35:06,Healthcare,Nyeri,positive,SYNTHETIC_DEMO
KE-0153,Transparency in public procurement improving under new regulations. Keep it up.,2022-04-29 14:21:00,Governance,Kakamega,positive,SYNTHETIC_DEMO
KE-0338,Peaceful voting is a sign of maturity. Proud to be Kenyan today. #Uchaguzi2022,2022-04-30 00:44:54,Elections,Thika,positive,SYNTHETIC_DEMO
KE-0264,Violence at polling stations is shameful. Our democracy is under threat.,2022-04-30 18:40:37,Elections,Nyeri,negative,SYNTHETIC_DEMO
KE-0087,Community policing initiatives reducing crime in Nairobi estates. Good progress.,2022-05-01 02:44:31,Security,Eldoret,positive,SYNTHETIC_DEMO
KE-0331,Peaceful voting is a sign of maturity. Proud to be Kenyan today. #Uchaguzi2022,2022-05-01 10:07:00,Elections,Nairobi,positive,SYNTHETIC_DEMO
KE-0123,Banditry in Laikipia threatening lives and livelihoods. Enough is enough.,2022-05-01 19:05:34,Security,Mombasa,negative,SYNTHETIC_DEMO
KE-0245,Voting underway in all 47 counties. Results expected by evening. #KenyaElections2022,2022-05-02 09:09:42,Elections,Machakos,neutral,SYNTHETIC_DEMO
KE-0398,Transparency in public procurement improving under new regulations. Keep it up.,2022-05-02 19:49:33,Governance,Nairobi,positive,SYNTHETIC_DEMO
KE-0086,Violence at polling stations is shameful. Our democracy is under threat.,2022-05-02 21:54:21,Elections,Thika,negative,SYNTHETIC_DEMO
KE-0058,Results coming in smoothly. The system is working. Trust the process. #KenyaVotes,2022-05-03 18:59:06,Elections,Eldoret,positive,SYNTHETIC_DEMO
KE-0191,Crime wave in Mombasa Old Town worrying residents. Where is the state?,2022-05-03 23:29:45,Security,Garissa,negative,SYNTHETIC_DEMO
KE-0390,Multi-agency security teams conducting patrols in volatile regions.,2022-05-04 16:54:54,Security,Thika,neutral,SYNTHETIC_DEMO
KE-0372,Exports of tea and horticulture hit record highs. Agriculture sector thriving.,2022-05-05 00:14:40,Economy,Kisumu,positive,SYNTHETIC_DEMO
KE-0131,Kenya Medical Supplies Authority to distribute free ARVs to 54 public hospitals.,2022-05-06 04:05:47,Healthcare,Kakamega,neutral,SYNTHETIC_DEMO
KE-0280,National Cancer Institute of Kenya opens second facility in Mombasa.,2022-05-06 12:31:08,Healthcare,Kakamega,neutral,SYNTHETIC_DEMO
KE-0426,NSE gains 3% this week on investor confidence. Markets looking healthy.,2022-05-06 16:11:10,Economy,Kisumu,positive,SYNTHETIC_DEMO
KE-0259,Exports of tea and horticulture hit record highs. Agriculture sector thriving.,2022-05-06 23:28:03,Economy,Thika,positive,SYNTHETIC_DEMO
KE-0241,Tallying of results continues at constituency level. Updates pending.,2022-05-07 06:56:52,Elections,Kakamega,neutral,SYNTHETIC_DEMO
KE-0168,New manufacturing jobs created in Nairobi corridor. Positive momentum for workers.,2022-05-09 01:59:34,Economy,Mombasa,positive,SYNTHETIC_DEMO
KE-0412,Results coming in smoothly. The system is working. Trust the process. #KenyaVotes,2022-05-09 06:33:34,Elections,Mombasa,positive,SYNTHETIC_DEMO
KE-0037,Police deployment ahead of elections praised for professionalism. Calm maintained.,2022-05-09 07:49:00,Security,Mombasa,positive,SYNTHETIC_DEMO
KE-0140,Kenya Power announces tariff review pending Energy Regulatory Commission approval.,2022-05-09 11:11:54,Economy,Machakos,neutral,SYNTHETIC_DEMO
KE-0493,Community policing initiatives reducing crime in Nairobi estates. Good progress.,2022-05-09 15:39:57,Security,Machakos,positive,SYNTHETIC_DEMO
KE-0499,Voter turnout is impressive across the country. This is democracy at work.,2022-05-09 19:56:46,Elections,Machakos,positive,SYNTHETIC_DEMO
KE-0327,Multi-agency security teams conducting patrols in volatile regions.,2022-05-10 03:17:53,Security,Kakamega,neutral,SYNTHETIC_DEMO
KE-0293,Banditry in Laikipia threatening lives and livelihoods. Enough is enough.,2022-05-10 11:09:33,Security,Kakamega,negative,SYNTHETIC_DEMO
KE-0228,GSU units deployed to election hotspots in advance of voting day.,2022-05-10 12:31:50,Security,Nairobi,neutral,SYNTHETIC_DEMO
KE-0112,Observers from the AU and EU deployed to monitor the electoral process.,2022-05-11 12:57:15,Elections,Nairobi,neutral,SYNTHETIC_DEMO
KE-0391,Violence at polling stations is shameful. Our democracy is under threat.,2022-05-11 15:13:40,Elections,Eldoret,negative,SYNTHETIC_DEMO
KE-0133,Observers from the AU and EU deployed to monitor the electoral process.,2022-05-11 15:26:37,Elections,Kakamega,neutral,SYNTHETIC_DEMO
KE-0300,Kenya Revenue Authority reports KSh 1.2 trillion in tax collection for FY2021/22.,2022-05-11 18:52:17,Economy,Garissa,neutral,SYNTHETIC_DEMO
KE-0423,GSU units deployed to election hotspots in advance of voting day.,2022-05-11 22:06:47,Security,Kisumu,neutral,SYNTHETIC_DEMO
KE-0386,The electoral commission has failed Kenyans again. We demand accountability.,2022-05-12 16:30:14,Elections,Machakos,negative,SYNTHETIC_DEMO
KE-0500,Inflation eroding purchasing power. The economy is failing ordinary people.,2022-05-15 07:38:39,Economy,Mombasa,negative,SYNTHETIC_DEMO
KE-0446,Banditry in Laikipia threatening lives and livelihoods. Enough is enough.,2022-05-16 01:27:01,Security,Garissa,negative,SYNTHETIC_DEMO
KE-0167,Kenya's debt burden will cripple future generations. Reckless borrowing must stop.,2022-05-16 03:13:55,Economy,Mombasa,negative,SYNTHETIC_DEMO
KE-0079,Exports of tea and horticulture hit record highs. Agriculture sector thriving.,2022-05-17 08:55:08,Economy,Mombasa,positive,SYNTHETIC_DEMO
KE-0339,Kenya's debt burden will cripple future generations. Reckless borrowing must stop.,2022-05-17 12:39:19,Economy,Kisumu,negative,SYNTHETIC_DEMO
KE-0268,Inflation eroding purchasing power. The economy is failing ordinary people.,2022-05-18 13:04:38,Economy,Garissa,negative,SYNTHETIC_DEMO
KE-0472,Voter turnout is impressive across the country. This is democracy at work.,2022-05-20 12:32:30,Elections,Nyeri,positive,SYNTHETIC_DEMO
KE-0019,Interior Ministry issues security advisory ahead of elections. Citizens urged to remain calm.,2022-05-21 14:03:05,Security,Kakamega,neutral,SYNTHETIC_DEMO
KE-0297,GSU units deployed to election hotspots in advance of voting day.,2022-05-21 19:39:18,Security,Thika,neutral,SYNTHETIC_DEMO
KE-0214,Violence at polling stations is shameful. Our democracy is under threat.,2022-05-23 01:16:14,Elections,Machakos,negative,SYNTHETIC_DEMO
KE-0382,Peaceful voting is a sign of maturity. Proud to be Kenyan today. #Uchaguzi2022,2022-05-23 01:17:40,Elections,Kisumu,positive,SYNTHETIC_DEMO
KE-0305,Voter intimidation reported in several constituencies. This is unacceptable.,2022-05-23 20:31:34,Elections,Nyeri,negative,SYNTHETIC_DEMO
KE-0139,Violence at polling stations is shameful. Our democracy is under threat.,2022-05-24 07:31:11,Elections,Eldoret,negative,SYNTHETIC_DEMO
KE-0061,Voter intimidation reported in several constituencies. This is unacceptable.,2022-05-24 12:14:31,Elections,Mombasa,negative,SYNTHETIC_DEMO
KE-0224,Ministry of Health launches malaria prevention campaign in lake region counties.,2022-05-24 21:35:22,Healthcare,Eldoret,neutral,SYNTHETIC_DEMO
KE-0373,Banditry in Laikipia threatening lives and livelihoods. Enough is enough.,2022-05-24 21:41:05,Security,Machakos,negative,SYNTHETIC_DEMO
KE-0127,Kenya's COVID-19 vaccination coverage exceeds 60%. Strong public health response.,2022-05-24 21:58:15,Healthcare,Machakos,positive,SYNTHETIC_DEMO
KE-0474,NHIF reforms failing to protect the poorest Kenyans. Reform the system now.,2022-05-24 23:13:13,Healthcare,Thika,negative,SYNTHETIC_DEMO
KE-0465,Results coming in smoothly. The system is working. Trust the process. #KenyaVotes,2022-05-25 02:41:34,Elections,Mombasa,positive,SYNTHETIC_DEMO
KE-0313,Kenya Revenue Authority reports KSh 1.2 trillion in tax collection for FY2021/22.,2022-05-26 14:26:21,Economy,Machakos,neutral,SYNTHETIC_DEMO
KE-0124,Voter turnout is impressive across the country. This is democracy at work.,2022-05-26 18:06:51,Elections,Eldoret,positive,SYNTHETIC_DEMO
KE-0258,Banditry in Laikipia threatening lives and livelihoods. Enough is enough.,2022-05-27 02:23:09,Security,Mombasa,negative,SYNTHETIC_DEMO
KE-0461,Presidential results will be announced within 7 days per constitutional requirement.,2022-05-27 04:51:47,Elections,Kisumu,neutral,SYNTHETIC_DEMO
KE-0401,Voter turnout is impressive across the country. This is democracy at work.,2022-05-27 08:15:41,Elections,Nyeri,positive,SYNTHETIC_DEMO
KE-0008,Doctors still on strike after 3 weeks. Patients dying in hospital corridors.,2022-05-28 00:11:46,Healthcare,Garissa,negative,SYNTHETIC_DEMO
KE-0048,Unemployment among youth remains at crisis levels. Nothing is being done.,2022-05-28 04:17:07,Economy,Nairobi,negative,SYNTHETIC_DEMO
KE-0449,Inflation eroding purchasing power. The economy is failing ordinary people.,2022-05-28 07:06:46,Economy,Machakos,negative,SYNTHETIC_DEMO
KE-0216,Inflation eroding purchasing power. The economy is failing ordinary people.,2022-05-28 23:24:54,Economy,Eldoret,negative,SYNTHETIC_DEMO
KE-0444,Fuel prices at an all-time high. The government must act now. #FuelCrisis,2022-05-29 12:58:06,Economy,Machakos,negative,SYNTHETIC_DEMO
KE-0344,The electoral commission has failed Kenyans again. We demand accountability.,2022-05-29 16:27:41,Elections,Thika,negative,SYNTHETIC_DEMO
KE-0096,Unemployment among youth remains at crisis levels. Nothing is being done.,2022-05-30 02:56:19,Economy,Kakamega,negative,SYNTHETIC_DEMO
KE-0384,Kenya Revenue Authority reports KSh 1.2 trillion in tax collection for FY2021/22.,2022-05-31 01:01:55,Economy,Eldoret,neutral,SYNTHETIC_DEMO
KE-0464,Central Bank holds base rate at 7.5%. MPC cites stable inflation outlook.,2022-05-31 20:19:40,Economy,Garissa,neutral,SYNTHETIC_DEMO
KE-0221,IEBC has done a commendable job in voter registration. Democracy is winning! #Elections2022,2022-05-31 22:26:30,Elections,Garissa,positive,SYNTHETIC_DEMO
KE-0294,The electoral commission has failed Kenyans again. We demand accountability.,2022-06-02 05:18:47,Elections,Thika,negative,SYNTHETIC_DEMO
KE-0274,Voting underway in all 47 counties. Results expected by evening. #KenyaElections2022,2022-06-03 16:48:46,Elections,Garissa,neutral,SYNTHETIC_DEMO
KE-0190,Kenya's COVID-19 vaccination coverage exceeds 60%. Strong public health response.,2022-06-04 08:48:47,Healthcare,Kakamega,positive,SYNTHETIC_DEMO
KE-0226,Cabinet approves National Development Plan 2022–2027. Implementation timelines unclear.,2022-06-04 14:55:49,Governance,Thika,neutral,SYNTHETIC_DEMO
KE-0042,NHIF coverage expansion reaches more households in rural Kenya. A step forward.,2022-06-06 08:42:08,Healthcare,Mombasa,positive,SYNTHETIC_DEMO
KE-0170,Kenya's GDP growth projected at 5.5% this year. Strong fundamentals. #KenyaEconomy,2022-06-06 23:11:04,Economy,Thika,positive,SYNTHETIC_DEMO
KE-0341,IEBC cannot be trusted to deliver credible results. The system is rigged! #RiggedElections,2022-06-07 18:09:13,Elections,Nairobi,negative,SYNTHETIC_DEMO
KE-0219,Peaceful voting is a sign of maturity. Proud to be Kenyan today. #Uchaguzi2022,2022-06-08 13:35:35,Elections,Nyeri,positive,SYNTHETIC_DEMO
KE-0290,Interior Ministry issues security advisory ahead of elections. Citizens urged to remain calm.,2022-06-08 18:00:24,Security,Eldoret,neutral,SYNTHETIC_DEMO
KE-0249,Kenya Revenue Authority reports KSh 1.2 trillion in tax collection for FY2021/22.,2022-06-09 13:00:50,Economy,Thika,neutral,SYNTHETIC_DEMO
KE-0482,IEBC cannot be trusted to deliver credible results. The system is rigged! #RiggedElections,2022-06-10 03:46:26,Elections,Nairobi,negative,SYNTHETIC_DEMO
KE-0171,Maternal mortality in rural Kenya remains unacceptably high. Neglect must end.,2022-06-10 11:44:47,Healthcare,Nairobi,negative,SYNTHETIC_DEMO
KE-0458,Public funds being looted while hospitals lack medicine. Accountability needed now.,2022-06-10 14:39:37,Governance,Garissa,negative,SYNTHETIC_DEMO
KE-0244,Police deployment ahead of elections praised for professionalism. Calm maintained.,2022-06-10 17:01:19,Security,Nyeri,positive,SYNTHETIC_DEMO
KE-0106,IEBC cannot be trusted to deliver credible results. The system is rigged! #RiggedElections,2022-06-11 02:50:56,Elections,Nakuru,negative,SYNTHETIC_DEMO
KE-0439,Youth enterprise fund disbursements have helped thousands of small businesses.,2022-06-11 08:02:15,Economy,Kisumu,positive,SYNTHETIC_DEMO
KE-0393,Kenya's GDP growth projected at 5.5% this year. Strong fundamentals. #KenyaEconomy,2022-06-11 18:26:12,Economy,Thika,positive,SYNTHETIC_DEMO
KE-0417,Banditry in Laikipia threatening lives and livelihoods. Enough is enough.,2022-06-12 06:58:13,Security,Nairobi,negative,SYNTHETIC_DEMO
KE-0451,IEBC cannot be trusted to deliver credible results. The system is rigged! #RiggedElections,2022-06-12 19:36:20,Elections,Mombasa,negative,SYNTHETIC_DEMO
KE-0117,The electoral commission has failed Kenyans again. We demand accountability.,2022-06-13 17:16:08,Elections,Machakos,negative,SYNTHETIC_DEMO
KE-0021,NHIF reforms failing to protect the poorest Kenyans. Reform the system now.,2022-06-13 22:48:57,Healthcare,Kisumu,negative,SYNTHETIC_DEMO
KE-0005,New manufacturing jobs created in Nairobi corridor. Positive momentum for workers.,2022-06-14 03:03:06,Economy,Nairobi,positive,SYNTHETIC_DEMO
KE-0049,Presidential results will be announced within 7 days per constitutional requirement.,2022-06-14 06:42:55,Elections,Nyeri,neutral,SYNTHETIC_DEMO
KE-0317,Voter turnout is impressive across the country. This is democracy at work.,2022-06-14 09:01:13,Elections,Kakamega,positive,SYNTHETIC_DEMO
KE-0067,Cost of unga and basic commodities unbearable. Ordinary Kenyans are suffering.,2022-06-14 12:00:44,Economy,Nairobi,negative,SYNTHETIC_DEMO
KE-0158,Banditry in Laikipia threatening lives and livelihoods. Enough is enough.,2022-06-15 02:34:56,Security,Kakamega,negative,SYNTHETIC_DEMO
KE-0097,Kenya's GDP growth projected at 5.5% this year. Strong fundamentals. #KenyaEconomy,2022-06-15 02:38:59,Economy,Nairobi,positive,SYNTHETIC_DEMO
KE-0459,IEBC has done a commendable job in voter registration. Democracy is winning! #Elections2022,2022-06-15 21:47:52,Elections,Kakamega,positive,SYNTHETIC_DEMO
KE-0253,Unemployment among youth remains at crisis levels. Nothing is being done.,2022-06-16 15:37:03,Economy,Kakamega,negative,SYNTHETIC_DEMO
KE-0321,Interior Ministry issues security advisory ahead of elections. Citizens urged to remain calm.,2022-06-16 16:47:47,Security,Kisumu,neutral,SYNTHETIC_DEMO
KE-0270,Youth enterprise fund disbursements have helped thousands of small businesses.,2022-06-16 17:13:10,Economy,Thika,positive,SYNTHETIC_DEMO
KE-0085,Police brutality during protests is deeply troubling. Officers must be held accountable.,2022-06-17 11:58:59,Security,Nakuru,negative,SYNTHETIC_DEMO
KE-0340,Inflation eroding purchasing power. The economy is failing ordinary people.,2022-06-18 21:56:21,Economy,Thika,negative,SYNTHETIC_DEMO
KE-0129,Voter intimidation reported in several constituencies. This is unacceptable.,2022-06-19 03:02:03,Elections,Nyeri,negative,SYNTHETIC_DEMO
KE-0082,Presidential results will be announced within 7 days per constitutional requirement.,2022-06-19 11:29:08,Elections,Thika,neutral,SYNTHETIC_DEMO
KE-0334,New Level 5 hospital commissioned in Kisumu. Healthcare access improving.,2022-06-19 16:40:55,Healthcare,Mombasa,positive,SYNTHETIC_DEMO
KE-0302,Voter intimidation reported in several constituencies. This is unacceptable.,2022-06-19 23:24:42,Elections,Kakamega,negative,SYNTHETIC_DEMO
KE-0162,Crime wave in Mombasa Old Town worrying residents. Where is the state?,2022-06-20 00:12:30,Security,Garissa,negative,SYNTHETIC_DEMO
KE-0172,Observers from the AU and EU deployed to monitor the electoral process.,2022-06-21 16:07:13,Elections,Kakamega,neutral,SYNTHETIC_DEMO
KE-0408,Peaceful voting is a sign of maturity. Proud to be Kenyan today. #Uchaguzi2022,2022-06-21 19:14:39,Elections,Mombasa,positive,SYNTHETIC_DEMO
KE-0100,Drug shortage at government hospitals is alarming. Patients buying meds privately.,2022-06-21 21:04:59,Healthcare,Garissa,negative,SYNTHETIC_DEMO
KE-0261,Presidential results will be announced within 7 days per constitutional requirement.,2022-06-22 02:06:44,Elections,Mombasa,neutral,SYNTHETIC_DEMO
KE-0239,Kenya Medical Supplies Authority to distribute free ARVs to 54 public hospitals.,2022-06-22 06:18:02,Healthcare,Mombasa,neutral,SYNTHETIC_DEMO
KE-0427,Devolution has brought services closer to citizens. Counties are delivering.,2022-06-23 11:52:36,Governance,Machakos,positive,SYNTHETIC_DEMO
KE-0310,New Level 5 hospital commissioned in Kisumu. Healthcare access improving.,2022-06-24 11:57:31,Healthcare,Kisumu,positive,SYNTHETIC_DEMO
KE-0345,Open data portal launched by State House praised by civil society. Good governance.,2022-06-24 17:34:56,Governance,Kisumu,positive,SYNTHETIC_DEMO
KE-0152,Treasury releases mid-year budget review. Spending adjustments noted across ministries.,2022-06-24 23:05:56,Economy,Garissa,neutral,SYNTHETIC_DEMO
KE-0132,Drug shortage at government hospitals is alarming. Patients buying meds privately.,2022-06-25 01:46:45,Healthcare,Mombasa,negative,SYNTHETIC_DEMO
KE-0011,Drug shortage at government hospitals is alarming. Patients buying meds privately.,2022-06-26 02:05:25,Healthcare,Machakos,negative,SYNTHETIC_DEMO
KE-0370,Fuel prices at an all-time high. The government must act now. #FuelCrisis,2022-06-26 03:20:15,Economy,Machakos,negative,SYNTHETIC_DEMO
KE-0420,Presidential results will be announced within 7 days per constitutional requirement.,2022-06-26 10:50:25,Elections,Thika,neutral,SYNTHETIC_DEMO
KE-0116,IEBC has done a commendable job in voter registration. Democracy is winning! #Elections2022,2022-06-26 14:06:17,Elections,Thika,positive,SYNTHETIC_DEMO
KE-0183,NSE gains 3% this week on investor confidence. Markets looking healthy.,2022-06-26 20:07:09,Economy,Garissa,positive,SYNTHETIC_DEMO
KE-0178,Central Bank holds base rate at 7.5%. MPC cites stable inflation outlook.,2022-06-27 09:33:30,Economy,Nyeri,neutral,SYNTHETIC_DEMO
KE-0017,Transparency in public procurement improving under new regulations. Keep it up.,2022-06-28 04:48:33,Governance,Nyeri,positive,SYNTHETIC_DEMO
KE-0272,Inflation eroding purchasing power. The economy is failing ordinary people.,2022-06-28 16:24:50,Economy,Kisumu,negative,SYNTHETIC_DEMO
KE-0115,Police deployment ahead of elections praised for professionalism. Calm maintained.,2022-06-29 07:20:29,Security,Machakos,positive,SYNTHETIC_DEMO
KE-0328,IEBC confirms voter turnout at 63% nationally as of midday.,2022-06-30 10:35:57,Elections,Thika,neutral,SYNTHETIC_DEMO
KE-0091,The electoral commission has failed Kenyans again. We demand accountability.,2022-06-30 14:00:14,Elections,Kakamega,negative,SYNTHETIC_DEMO
KE-0429,Al-Shabaab attacks in the North East continue. Government response inadequate.,2022-06-30 17:47:44,Security,Nairobi,negative,SYNTHETIC_DEMO
KE-0041,Observers from the AU and EU deployed to monitor the electoral process.,2022-07-01 08:59:07,Elections,Machakos,neutral,SYNTHETIC_DEMO
KE-0315,IEBC has done a commendable job in voter registration. Democracy is winning! #Elections2022,2022-07-02 04:25:23,Elections,Nyeri,positive,SYNTHETIC_DEMO
KE-0189,GSU units deployed to election hotspots in advance of voting day.,2022-07-02 07:58:10,Security,Kisumu,neutral,SYNTHETIC_DEMO
KE-0156,Voter turnout is impressive across the country. This is democracy at work.,2022-07-02 11:54:06,Elections,Nyeri,positive,SYNTHETIC_DEMO
KE-0217,NHIF reforms failing to protect the poorest Kenyans. Reform the system now.,2022-07-03 02:28:58,Healthcare,Mombasa,negative,SYNTHETIC_DEMO
KE-0039,Violence at polling stations is shameful. Our democracy is under threat.,2022-07-03 13:36:47,Elections,Kakamega,negative,SYNTHETIC_DEMO
KE-0185,National Cancer Institute of Kenya opens second facility in Mombasa.,2022-07-03 16:27:29,Healthcare,Thika,neutral,SYNTHETIC_DEMO
KE-0246,Unemployment among youth remains at crisis levels. Nothing is being done.,2022-07-04 04:29:49,Economy,Thika,negative,SYNTHETIC_DEMO
KE-0394,Inflation eroding purchasing power. The economy is failing ordinary people.,2022-07-04 07:30:05,Economy,Nairobi,negative,SYNTHETIC_DEMO
KE-0137,Multi-agency security teams conducting patrols in volatile regions.,2022-07-04 21:30:33,Security,Nakuru,neutral,SYNTHETIC_DEMO
KE-0052,Voter turnout is impressive across the country. This is democracy at work.,2022-07-05 03:59:27,Elections,Nairobi,positive,SYNTHETIC_DEMO
KE-0148,Exports of tea and horticulture hit record highs. Agriculture sector thriving.,2022-07-05 12:45:31,Economy,Nairobi,positive,SYNTHETIC_DEMO
KE-0357,Open data portal launched by State House praised by civil society. Good governance.,2022-07-05 21:28:55,Governance,Machakos,positive,SYNTHETIC_DEMO
KE-0147,Results coming in smoothly. The system is working. Trust the process. #KenyaVotes,2022-07-05 21:56:23,Elections,Eldoret,positive,SYNTHETIC_DEMO
KE-0238,Voting underway in all 47 counties. Results expected by evening. #KenyaElections2022,2022-07-06 00:26:05,Elections,Nairobi,neutral,SYNTHETIC_DEMO
KE-0468,Ministry of Health launches malaria prevention campaign in lake region counties.,2022-07-06 04:16:40,Healthcare,Garissa,neutral,SYNTHETIC_DEMO
KE-0308,NHIF coverage expansion reaches more households in rural Kenya. A step forward.,2022-07-06 15:25:46,Healthcare,Eldoret,positive,SYNTHETIC_DEMO
KE-0403,Inflation eroding purchasing power. The economy is failing ordinary people.,2022-07-08 00:53:08,Economy,Eldoret,negative,SYNTHETIC_DEMO
KE-0371,Results coming in smoothly. The system is working. Trust the process. #KenyaVotes,2022-07-08 01:32:51,Elections,Nyeri,positive,SYNTHETIC_DEMO
KE-0047,Nepotism in public service appointments is entrenched. Merit must prevail.,2022-07-08 14:30:12,Governance,Kisumu,negative,SYNTHETIC_DEMO
KE-0030,Voting underway in all 47 counties. Results expected by evening. #KenyaElections2022,2022-07-08 17:45:33,Elections,Mombasa,neutral,SYNTHETIC_DEMO
KE-0111,GSU units deployed to election hotspots in advance of voting day.,2022-07-09 14:37:42,Security,Kakamega,neutral,SYNTHETIC_DEMO
KE-0478,Fuel prices at an all-time high. The government must act now. #FuelCrisis,2022-07-09 18:16:43,Economy,Thika,negative,SYNTHETIC_DEMO
KE-0405,Public funds being looted while hospitals lack medicine. Accountability needed now.,2022-07-09 21:50:20,Governance,Eldoret,negative,SYNTHETIC_DEMO
KE-0128,Observers from the AU and EU deployed to monitor the electoral process.,2022-07-10 09:00:39,Elections,Nairobi,neutral,SYNTHETIC_DEMO
KE-0146,IEBC has done a commendable job in voter registration. Democracy is winning! #Elections2022,2022-07-10 15:19:15,Elections,Eldoret,positive,SYNTHETIC_DEMO
KE-0220,Peaceful voting is a sign of maturity. Proud to be Kenyan today. #Uchaguzi2022,2022-07-11 07:35:39,Elections,Nairobi,positive,SYNTHETIC_DEMO
KE-0380,Presidential results will be announced within 7 days per constitutional requirement.,2022-07-12 04:44:53,Elections,Nairobi,neutral,SYNTHETIC_DEMO
KE-0186,Banditry in Laikipia threatening lives and livelihoods. Enough is enough.,2022-07-12 08:47:51,Security,Machakos,negative,SYNTHETIC_DEMO
KE-0418,Transparency in public procurement improving under new regulations. Keep it up.,2022-07-12 09:18:45,Governance,Nairobi,positive,SYNTHETIC_DEMO
KE-0378,IMF approves $2.3B extended credit facility for Kenya. Conditions attached.,2022-07-13 03:49:37,Economy,Nyeri,neutral,SYNTHETIC_DEMO
KE-0198,Voter intimidation reported in several constituencies. This is unacceptable.,2022-07-13 06:35:41,Elections,Kakamega,negative,SYNTHETIC_DEMO
KE-0211,Tallying of results continues at constituency level. Updates pending.,2022-07-14 21:03:58,Elections,Thika,neutral,SYNTHETIC_DEMO
KE-0399,Treasury releases mid-year budget review. Spending adjustments noted across ministries.,2022-07-14 21:17:48,Economy,Nakuru,neutral,SYNTHETIC_DEMO
KE-0455,Voter intimidation reported in several constituencies. This is unacceptable.,2022-07-15 16:38:58,Elections,Nairobi,negative,SYNTHETIC_DEMO
KE-0421,Cabinet approves National Development Plan 2022–2027. Implementation timelines unclear.,2022-07-15 19:36:09,Governance,Nyeri,neutral,SYNTHETIC_DEMO
KE-0003,New manufacturing jobs created in Nairobi corridor. Positive momentum for workers.,2022-07-16 06:15:09,Economy,Nakuru,positive,SYNTHETIC_DEMO
KE-0066,Police brutality during protests is deeply troubling. Officers must be held accountable.,2022-07-16 06:45:13,Security,Nakuru,negative,SYNTHETIC_DEMO
KE-0242,Treasury releases mid-year budget review. Spending adjustments noted across ministries.,2022-07-16 08:04:39,Economy,Eldoret,neutral,SYNTHETIC_DEMO
KE-0060,Public funds being looted while hospitals lack medicine. Accountability needed now.,2022-07-16 11:11:13,Governance,Mombasa,negative,SYNTHETIC_DEMO
KE-0180,New Level 5 hospital commissioned in Kisumu. Healthcare access improving.,2022-07-17 04:27:29,Healthcare,Machakos,positive,SYNTHETIC_DEMO
KE-0053,Cost of unga and basic commodities unbearable. Ordinary Kenyans are suffering.,2022-07-17 05:18:16,Economy,Kisumu,negative,SYNTHETIC_DEMO
KE-0438,Al-Shabaab attacks in the North East continue. Government response inadequate.,2022-07-18 05:02:35,Security,Nyeri,negative,SYNTHETIC_DEMO
KE-0309,County governors meet to discuss revenue sharing formula ahead of budget cycle.,2022-07-20 08:37:26,Governance,Mombasa,neutral,SYNTHETIC_DEMO
KE-0359,Ethics and Anti-Corruption Commission tables annual report to parliament.,2022-07-20 22:08:41,Governance,Nyeri,neutral,SYNTHETIC_DEMO
KE-0034,Interior Ministry issues security advisory ahead of elections. Citizens urged to remain calm.,2022-07-21 00:09:23,Security,Thika,neutral,SYNTHETIC_DEMO
KE-0400,NHIF reforms failing to protect the poorest Kenyans. Reform the system now.,2022-07-21 10:28:40,Healthcare,Nairobi,negative,SYNTHETIC_DEMO
KE-0237,Voting underway in all 47 counties. Results expected by evening. #KenyaElections2022,2022-07-22 12:16:39,Elections,Kakamega,neutral,SYNTHETIC_DEMO
KE-0289,Tallying of results continues at constituency level. Updates pending.,2022-07-23 00:21:53,Elections,Nyeri,neutral,SYNTHETIC_DEMO
KE-0481,Cost of unga and basic commodities unbearable. Ordinary Kenyans are suffering.,2022-07-23 11:30:57,Economy,Garissa,negative,SYNTHETIC_DEMO
KE-0460,NSE gains 3% this week on investor confidence. Markets looking healthy.,2022-07-23 16:21:00,Economy,Thika,positive,SYNTHETIC_DEMO
KE-0143,Violence at polling stations is shameful. Our democracy is under threat.,2022-07-23 17:58:12,Elections,Eldoret,negative,SYNTHETIC_DEMO
KE-0434,Doctors still on strike after 3 weeks. Patients dying in hospital corridors.,2022-07-24 02:04:37,Healthcare,Kakamega,negative,SYNTHETIC_DEMO
KE-0323,Police deployment ahead of elections praised for professionalism. Calm maintained.,2022-07-24 07:13:45,Security,Thika,positive,SYNTHETIC_DEMO
KE-0032,Police brutality during protests is deeply troubling. Officers must be held accountable.,2022-07-24 22:16:34,Security,Kisumu,negative,SYNTHETIC_DEMO
KE-0022,Treasury releases mid-year budget review. Spending adjustments noted across ministries.,2022-07-25 11:42:11,Economy,Kakamega,neutral,SYNTHETIC_DEMO
KE-0027,Tallying of results continues at constituency level. Updates pending.,2022-07-25 23:15:16,Elections,Kisumu,neutral,SYNTHETIC_DEMO
KE-0411,GSU units deployed to election hotspots in advance of voting day.,2022-07-26 05:39:55,Security,Nakuru,neutral,SYNTHETIC_DEMO
KE-0196,IEBC confirms voter turnout at 63% nationally as of midday.,2022-07-26 06:49:44,Elections,Kisumu,neutral,SYNTHETIC_DEMO
KE-0485,Corruption in government tenders is endemic. Nothing changes regardless of who wins.,2022-07-26 16:34:47,Governance,Nairobi,negative,SYNTHETIC_DEMO
KE-0304,Voter intimidation reported in several constituencies. This is unacceptable.,2022-07-27 09:20:40,Elections,Nyeri,negative,SYNTHETIC_DEMO
KE-0013,Banditry in Laikipia threatening lives and livelihoods. Enough is enough.,2022-07-27 10:32:40,Security,Mombasa,negative,SYNTHETIC_DEMO
KE-0416,Devolution has brought services closer to citizens. Counties are delivering.,2022-07-27 19:58:50,Governance,Kakamega,positive,SYNTHETIC_DEMO
KE-0486,Exports of tea and horticulture hit record highs. Agriculture sector thriving.,2022-07-28 01:26:27,Economy,Garissa,positive,SYNTHETIC_DEMO
KE-0381,Fuel prices at an all-time high. The government must act now. #FuelCrisis,2022-07-28 10:19:13,Economy,Nyeri,negative,SYNTHETIC_DEMO
KE-0023,Voting underway in all 47 counties. Results expected by evening. #KenyaElections2022,2022-07-28 12:55:34,Elections,Nairobi,neutral,SYNTHETIC_DEMO
KE-0130,Tallying of results continues at constituency level. Updates pending.,2022-07-29 00:08:06,Elections,Eldoret,neutral,SYNTHETIC_DEMO
KE-0110,Transparency in public procurement improving under new regulations. Keep it up.,2022-07-29 00:34:45,Governance,Machakos,positive,SYNTHETIC_DEMO
KE-0084,Violence at polling stations is shameful. Our democracy is under threat.,2022-07-29 02:44:10,Elections,Nairobi,negative,SYNTHETIC_DEMO
KE-0409,Banditry in Laikipia threatening lives and livelihoods. Enough is enough.,2022-07-29 03:54:36,Security,Nakuru,negative,SYNTHETIC_DEMO
KE-0182,Ethics and Anti-Corruption Commission tables annual report to parliament.,2022-07-29 03:56:05,Governance,Kisumu,neutral,SYNTHETIC_DEMO
KE-0038,IEBC has done a commendable job in voter registration. Democracy is winning! #Elections2022,2022-07-29 10:01:28,Elections,Nyeri,positive,SYNTHETIC_DEMO
KE-0454,IEBC has done a commendable job in voter registration. Democracy is winning! #Elections2022,2022-07-29 14:55:33,Elections,Nyeri,positive,SYNTHETIC_DEMO
KE-0051,Voter turnout is impressive across the country. This is democracy at work.,2022-07-30 13:37:32,Elections,Nairobi,positive,SYNTHETIC_DEMO
KE-0337,Police deployment ahead of elections praised for professionalism. Calm maintained.,2022-07-31 20:11:23,Security,Kakamega,positive,SYNTHETIC_DEMO
KE-0402,Peaceful voting is a sign of maturity. Proud to be Kenyan today. #Uchaguzi2022,2022-08-01 03:38:07,Elections,Garissa,positive,SYNTHETIC_DEMO
KE-0480,Multi-agency security teams conducting patrols in volatile regions.,2022-08-01 06:10:51,Security,Kisumu,neutral,SYNTHETIC_DEMO
KE-0200,Fuel prices at an all-time high. The government must act now. #FuelCrisis,2022-08-01 06:39:50,Economy,Nyeri,negative,SYNTHETIC_DEMO
KE-0101,Crime wave in Mombasa Old Town worrying residents. Where is the state?,2022-08-01 18:32:12,Security,Garissa,negative,SYNTHETIC_DEMO
KE-0045,Kenya's debt burden will cripple future generations. Reckless borrowing must stop.,2022-08-02 17:24:13,Economy,Mombasa,negative,SYNTHETIC_DEMO
KE-0413,Police deployment ahead of elections praised for professionalism. Calm maintained.,2022-08-02 17:39:27,Security,Kisumu,positive,SYNTHETIC_DEMO
KE-0243,Community policing initiatives reducing crime in Nairobi estates. Good progress.,2022-08-03 02:49:00,Security,Mombasa,positive,SYNTHETIC_DEMO
KE-0155,IEBC has done a commendable job in voter registration. Democracy is winning! #Elections2022,2022-08-03 08:56:26,Elections,Nakuru,positive,SYNTHETIC_DEMO
KE-0471,Banditry in Laikipia threatening lives and livelihoods. Enough is enough.,2022-08-03 09:45:07,Security,Machakos,negative,SYNTHETIC_DEMO
KE-0175,Doctors still on strike after 3 weeks. Patients dying in hospital corridors.,2022-08-03 11:21:22,Healthcare,Eldoret,negative,SYNTHETIC_DEMO
KE-0063,Corruption in government tenders is endemic. Nothing changes regardless of who wins.,2022-08-04 09:16:04,Governance,Garissa,negative,SYNTHETIC_DEMO
KE-0252,Presidential results will be announced within 7 days per constitutional requirement.,2022-08-05 00:46:12,Elections,Mombasa,neutral,SYNTHETIC_DEMO
KE-0014,KDF and NPS cooperation securing borders effectively. Kenya is safe.,2022-08-05 07:08:52,Security,Machakos,positive,SYNTHETIC_DEMO
KE-0295,The electoral commission has failed Kenyans again. We demand accountability.,2022-08-06 01:31:52,Elections,Mombasa,negative,SYNTHETIC_DEMO
KE-0348,Results coming in smoothly. The system is working. Trust the process. #KenyaVotes,2022-08-07 03:10:08,Elections,Garissa,positive,SYNTHETIC_DEMO
KE-0463,NHIF coverage expansion reaches more households in rural Kenya. A step forward.,2022-08-07 09:49:01,Healthcare,Nyeri,positive,SYNTHETIC_DEMO
KE-0496,Voter turnout is impressive across the country. This is democracy at work.,2022-08-07 20:17:33,Elections,Eldoret,positive,SYNTHETIC_DEMO
KE-0366,The electoral commission has failed Kenyans again. We demand accountability.,2022-08-07 21:18:03,Elections,Kakamega,negative,SYNTHETIC_DEMO
KE-0279,Results being delayed without explanation. What is IEBC hiding? #ElectionFraud,2022-08-07 22:23:43,Elections,Nyeri,negative,SYNTHETIC_DEMO
KE-0114,County governors meet to discuss revenue sharing formula ahead of budget cycle.,2022-08-08 04:30:52,Governance,Machakos,neutral,SYNTHETIC_DEMO
KE-0056,Kenya Power announces tariff review pending Energy Regulatory Commission approval.,2022-08-08 12:17:48,Economy,Machakos,neutral,SYNTHETIC_DEMO
KE-0205,Corruption in government tenders is endemic. Nothing changes regardless of who wins.,2022-08-08 18:50:26,Governance,Eldoret,negative,SYNTHETIC_DEMO
KE-0126,IEBC cannot be trusted to deliver credible results. The system is rigged! #RiggedElections,2022-08-08 18:52:25,Elections,Kakamega,negative,SYNTHETIC_DEMO
KE-0016,Ministry of Health launches malaria prevention campaign in lake region counties.,2022-08-09 06:30:04,Healthcare,Mombasa,neutral,SYNTHETIC_DEMO
KE-0160,Voter turnout is impressive across the country. This is democracy at work.,2022-08-10 01:23:39,Elections,Eldoret,positive,SYNTHETIC_DEMO
KE-0383,Ministry of Health launches malaria prevention campaign in lake region counties.,2022-08-10 11:24:36,Healthcare,Machakos,neutral,SYNTHETIC_DEMO
KE-0355,Tallying of results continues at constituency level. Updates pending.,2022-08-11 06:00:43,Elections,Thika,neutral,SYNTHETIC_DEMO
KE-0397,Ministry of Health launches malaria prevention campaign in lake region counties.,2022-08-11 08:44:30,Healthcare,Nakuru,neutral,SYNTHETIC_DEMO
KE-0436,IEBC confirms voter turnout at 63% nationally as of midday.,2022-08-11 09:57:59,Elections,Garissa,neutral,SYNTHETIC_DEMO
KE-0367,IEBC cannot be trusted to deliver credible results. The system is rigged! #RiggedElections,2022-08-12 23:53:51,Elections,Mombasa,negative,SYNTHETIC_DEMO
KE-0149,The electoral process is transparent and credible. Kenyans deserve fair elections. #KenyaDecides2022,2022-08-13 02:13:37,Elections,Nyeri,positive,SYNTHETIC_DEMO
KE-0009,Peaceful voting is a sign of maturity. Proud to be Kenyan today. #Uchaguzi2022,2022-08-13 05:18:43,Elections,Kakamega,positive,SYNTHETIC_DEMO
KE-0456,Transparency in public procurement improving under new regulations. Keep it up.,2022-08-13 06:27:19,Governance,Kakamega,positive,SYNTHETIC_DEMO
KE-0055,Unemployment among youth remains at crisis levels. Nothing is being done.,2022-08-13 19:55:00,Economy,Kakamega,negative,SYNTHETIC_DEMO
KE-0181,Voter turnout is impressive across the country. This is democracy at work.,2022-08-14 05:16:39,Elections,Eldoret,positive,SYNTHETIC_DEMO
KE-0365,Community policing initiatives reducing crime in Nairobi estates. Good progress.,2022-08-14 12:01:03,Security,Kisumu,positive,SYNTHETIC_DEMO
KE-0166,Unemployment among youth remains at crisis levels. Nothing is being done.,2022-08-16 07:40:03,Economy,Eldoret,negative,SYNTHETIC_DEMO
KE-0222,Kenya's debt burden will cripple future generations. Reckless borrowing must stop.,2022-08-17 02:24:31,Economy,Garissa,negative,SYNTHETIC_DEMO
KE-0002,The electoral process is transparent and credible. Kenyans deserve fair elections. #KenyaDecides2022,2022-08-18 07:47:20,Elections,Garissa,positive,SYNTHETIC_DEMO
KE-0236,Multi-agency security teams conducting patrols in volatile regions.,2022-08-19 13:22:06,Security,Thika,neutral,SYNTHETIC_DEMO
KE-0387,Central Bank holds base rate at 7.5%. MPC cites stable inflation outlook.,2022-08-22 23:21:42,Economy,Kisumu,neutral,SYNTHETIC_DEMO
KE-0163,Peaceful voting is a sign of maturity. Proud to be Kenyan today. #Uchaguzi2022,2022-08-23 11:01:08,Elections,Machakos,positive,SYNTHETIC_DEMO
KE-0286,Fuel prices at an all-time high. The government must act now. #FuelCrisis,2022-08-23 23:03:47,Economy,Nakuru,negative,SYNTHETIC_DEMO
KE-0432,County governors meet to discuss revenue sharing formula ahead of budget cycle.,2022-08-24 05:53:46,Governance,Nyeri,neutral,SYNTHETIC_DEMO
KE-0122,New manufacturing jobs created in Nairobi corridor. Positive momentum for workers.,2022-08-24 07:19:45,Economy,Thika,positive,SYNTHETIC_DEMO
KE-0151,Results coming in smoothly. The system is working. Trust the process. #KenyaVotes,2022-08-24 11:17:24,Elections,Garissa,positive,SYNTHETIC_DEMO
KE-0174,Cost of unga and basic commodities unbearable. Ordinary Kenyans are suffering.,2022-08-25 11:05:42,Economy,Mombasa,negative,SYNTHETIC_DEMO
KE-0026,Youth enterprise fund disbursements have helped thousands of small businesses.,2022-08-25 12:00:49,Economy,Eldoret,positive,SYNTHETIC_DEMO
KE-0254,Doctors still on strike after 3 weeks. Patients dying in hospital corridors.,2022-08-25 12:14:38,Healthcare,Kakamega,negative,SYNTHETIC_DEMO
KE-0218,The electoral commission has failed Kenyans again. We demand accountability.,2022-08-25 22:22:41,Elections,Garissa,negative,SYNTHETIC_DEMO
KE-0303,Observers from the AU and EU deployed to monitor the electoral process.,2022-08-26 03:09:42,Elections,Nakuru,neutral,SYNTHETIC_DEMO
KE-0424,Ministry of Health launches malaria prevention campaign in lake region counties.,2022-08-26 06:30:31,Healthcare,Nakuru,neutral,SYNTHETIC_DEMO
KE-0385,Inflation eroding purchasing power. The economy is failing ordinary people.,2022-08-26 07:20:05,Economy,Eldoret,negative,SYNTHETIC_DEMO
KE-0062,Presidential results will be announced within 7 days per constitutional requirement.,2022-08-26 13:14:59,Elections,Garissa,neutral,SYNTHETIC_DEMO
KE-0349,Voter intimidation reported in several constituencies. This is unacceptable.,2022-08-26 15:06:31,Elections,Nyeri,negative,SYNTHETIC_DEMO
KE-0356,Unemployment among youth remains at crisis levels. Nothing is being done.,2022-08-26 15:46:19,Economy,Garissa,negative,SYNTHETIC_DEMO
KE-0284,IEBC cannot be trusted to deliver credible results. The system is rigged! #RiggedElections,2022-08-27 20:17:37,Elections,Mombasa,negative,SYNTHETIC_DEMO
KE-0089,Voter intimidation reported in several constituencies. This is unacceptable.,2022-08-28 01:00:53,Elections,Machakos,negative,SYNTHETIC_DEMO
KE-0484,Tallying of results continues at constituency level. Updates pending.,2022-08-28 10:22:36,Elections,Nairobi,neutral,SYNTHETIC_DEMO
KE-0192,Al-Shabaab attacks in the North East continue. Government response inadequate.,2022-08-28 19:08:21,Security,Nyeri,negative,SYNTHETIC_DEMO
KE-0368,Results coming in smoothly. The system is working. Trust the process. #KenyaVotes,2022-08-29 01:11:17,Elections,Kakamega,positive,SYNTHETIC_DEMO
KE-0396,Multi-agency security teams conducting patrols in volatile regions.,2022-08-29 16:21:22,Security,Kisumu,neutral,SYNTHETIC_DEMO
KE-0488,Cabinet approves National Development Plan 2022–2027. Implementation timelines unclear.,2022-08-29 16:46:34,Governance,Nakuru,neutral,SYNTHETIC_DEMO
KE-0073,Crime wave in Mombasa Old Town worrying residents. Where is the state?,2022-08-30 00:59:04,Security,Thika,negative,SYNTHETIC_DEMO
KE-0059,Nepotism in public service appointments is entrenched. Merit must prevail.,2022-08-30 05:37:25,Governance,Nairobi,negative,SYNTHETIC_DEMO
KE-0120,Doctors still on strike after 3 weeks. Patients dying in hospital corridors.,2022-08-30 07:16:05,Healthcare,Nakuru,negative,SYNTHETIC_DEMO
